Name,Allegiance,Faction,Chapter of origin,Founding,Status,Legion,Homebrew
12th Company (Emperor’s Children),Renegade/Chaos,Slaanesh,Emperor's Children,,Active,False,False
1st Company (Black Legion),Renegade/Chaos,,Black Legion,,Active,False,False
20th Alpharians,Renegade/Chaos,,Alpha Legion,,Active,False,False
3rd Company (Avenging Sons),Renegade/Chaos,,Avenging Sons,,Active,False,False
66th Armoured Company,Renegade/Chaos,Khorne,World Eaters,,Active,False,False
9th Company (Black Legion),Renegade/Chaos,,Black Legion,,Active,False,False
Abrial's Claw,Renegade/Chaos,,Iron Warriors,,Active,False,False
Absolvers,Loyalist,Imperium,Blood Angels,,Active,False,False
Accipiters,Loyalist,Imperium,,,Active,False,False
Adamantine Beasts,Renegade/Chaos,,Black Legion,,Active,False,False
Adamantine Lions,Loyalist,Imperium,,,Active,False,False
Adharon's Reavers,Renegade/Chaos,,Sons of Guilliman,,,False,False
Adulators,Loyalist,Imperium,,,Active,False,False
Alpha Legion,Renegade/Chaos,Chaos Undivided,,1,Active,True,False
Altar Brethren,Renegade/Chaos,,,,Renamed,False,False
Anathraxis Warhost,Renegade/Chaos,,Iron Warriors,,Active,False,False
Andromedan Blades,Loyalist,Imperium,,,Active,False,False
Angel Guard,Loyalist,Imperium,,,Active,False,False
Angels Apocrypha,Renegade/Chaos,,,,,False,False
Angels Arisen,Loyalist,Imperium,,,Active,False,False
Angels Encarmine,Loyalist,Imperium,Blood Angels,2,Active,False,False
Angels Eradicant,Loyalist,Imperium,,,Active,False,False
Angels Erythrean,Loyalist,Imperium,Blood Angels,3,Active,False,False
Angels Excelsis,Loyalist,Imperium,Blood Angels,,Destroyed,False,False
Angels Glorious,Loyalist,Imperium,Blood Angels,,Destroyed,False,False
Angels Numinous,Loyalist,Imperium,Blood Angels,,Active,False,False
Angels Penitent,Loyalist,Imperium,Blood Angels,9,Active,False,False
Angels Porphyr,Loyalist,Imperium,,,Active,False,False
Angels Puissant,Loyalist,Imperium,,,,False,False
Angels Redeemed,Loyalist,Imperium,,,,False,False
Angels Repentant,Loyalist,Imperium,,,,False,False
Angels Resplendent,Loyalist,Imperium,Blood Angels,9,Renamed,False,False
Angels Revenant,Loyalist,Imperium,Ultramarines,8,Active,False,False
Angels Sanguine,Loyalist,Imperium,Blood Angels,2,Active,False,False
Angels Vermillion,Loyalist,Imperium,Blood Angels,2,,False,False
Angels Vindicant,Loyalist,Imperium,,,,False,False
Angels of Absolution,Loyalist,Imperium,Dark Angels,2,Active,False,False
Angels of Damnation,Loyalist,Imperium,,,Active,False,False
Angels of Defiance,Loyalist,Imperium,Dark Angels,Ultima,Active,False,False
Angels of Ecstasy,Renegade/Chaos,Slaanesh,Sons of Ulthunas,,Active,False,False
Angels of Excelsis,Loyalist,Imperium,Blood Angels,,Active,False,False
Angels of Fire,Loyalist,Imperium,,,Active,False,False
Angels of Flame,Renegade/Chaos,,,,Active,False,False
Angels of Fury,Loyalist,Imperium,Ultramarines,,Active,False,False
Angels of Iron,Loyalist,Imperium,,,Active,False,False
Angels of Light,Loyalist,Imperium,Blood Angels,,Active,False,False
Angels of Pain,Renegade/Chaos,,,,Active,False,False
Angels of Penance,Loyalist,Imperium,,,,False,False
Angels of Purgatory,Loyalist,Imperium,,,,False,False
Angels of Redemption,Loyalist,Imperium,Dark Angels,2,Active,False,False
Angels of Repentance,Loyalist,Imperium,,,,False,False
Angels of Retribution,Loyalist,Imperium,,,Destroyed,False,False
Angels of Vengeance,Loyalist,Imperium,Dark Angels,2,Active,False,False
Angels of Vigilance,Loyalist,Imperium,,,Active,False,False
Angels of Wrath,Loyalist,Imperium,Dark Angels,,Active,False,False
Angels of the Grail,Loyalist,Imperium,Blood Angels,,Active,False,False
Angron's Chosen,Renegade/Chaos,Khorne,World Eaters,,,False,False
Angron's Fury,Renegade/Chaos,Khorne,World Eaters,,Destroyed,False,False
Annihilators,Renegade/Chaos,,,,Renamed,False,False
Anointed,Renegade/Chaos,Khorne,World Eaters,,Destroyed,False,False
Aphotic Blade,Renegade/Chaos,,Black Legion,,Active,False,False
Apocalypse Company,Renegade/Chaos,,,,,False,False
Apostles of Contagion,Renegade/Chaos,Nurgle,Death Guard,,Active,False,False
Apostles of MinthRas,Renegade/Chaos,,,,,False,False
Aquiloan Brotherhood,Loyalist,Imperium,Ultramarines,,Active,False,False
Argent Hammers,Renegade/Chaos,Nurgle,,,Renamed,False,False
Armoured Serpents,Renegade/Chaos,,Alpha Legion,,Active,False,False
Ashen Blades,Renegade/Chaos,,,,Renamed,False,False
Ashen Claws,Renegade/Chaos,Renegade,Raven Guard,M31,Active,False,False
Ashen Conquerors,Loyalist,Imperium,,,Active,False,False
Ashen Dead,Renegade/Chaos,Tzeentch,Black Legion,,Active,False,False
Ashen Reclaimers,Loyalist,Imperium,,,,False,False
Astral Bears,Loyalist,Imperium,White Scars,Ultima,Active,False,False
Astral Blades,Renegade/Chaos,,,,Destroyed,False,False
Astral Castellans,Loyalist,Imperium,,,,False,False
Astral Claws,Renegade/Chaos,,,,Renamed,False,False
Astral Crusaders,Loyalist,Imperium,,,Active,False,False
Astral Drakes,Loyalist,Imperium,,,Destroyed,False,False
Astral Fists,Loyalist,Imperium,,,,False,False
Astral Hawks,Loyalist,Imperium,,,,False,False
Astral Hounds,Loyalist,Imperium,,,,False,False
Astral Knights,Loyalist,Imperium,Imperial Fists,,Destroyed,False,False
Astral Spears,Loyalist,Imperium,,,Active,False,False
Astral Templars,Loyalist,Imperium,,,Active,False,False
Athkor's Destroyers,Renegade/Chaos,,Black Legion,,Active,False,False
Atlantian Spears,Loyalist,Imperium,Blood Angels,,Active,False,False
Auric Consuls,Loyalist,Imperium,,,Active,False,False
Auric Paragons,Loyalist,Imperium,,,Active,False,False
Auric Patricians,Loyalist,Imperium,,,,False,False
Aurora Chapter,Loyalist,,Ultramarines,2,Active,False,False
Aurora Talons,Loyalist,Imperium,,,,False,False
Avengers,Loyalist,Imperium,,,,False,False
Avenging Sons,Loyalist,Imperium,Ultramarines,19,Active,False,False
Axes of the Emperor,Loyalist,Imperium,,,Active,False,False
Axes of the Forge,Renegade/Chaos,Khorne,World Eaters,,Active,False,False
Azure Hawks,Loyalist,Imperium,,,,False,False
Ba'ar Zul's Cleavers,Renegade/Chaos,Khorne,World Eaters,,Active,False,False
Baleful Eye,Renegade/Chaos,,Night Lords,,,False,False
Barbican Lords,Renegade/Chaos,,Iron Warriors,,Active,False,False
Beasts of Annihilation,Renegade/Chaos,,Annihilators,,Active,False,False
Benedictors,Loyalist,Imperium,,,,False,False
Berserkers of Kharadon,Renegade/Chaos,Khorne,,,Renamed,False,False
Berserkers of Skallathrax,Renegade/Chaos,Khorne,World Eaters,,Destroyed,False,False
Betrayers of Pain,Renegade/Chaos,,,,,False,False
Bilious Ones,Renegade/Chaos,Nurgle,Death Guard,,Active,False,False
Bitter Sons,Renegade/Chaos,,Iron Warriors,,Destroyed,False,False
Black Brethren of Ayreas,Renegade/Chaos,,,,,False,False
Black Consuls,Loyalist,Imperium,Ultramarines,2,Active,False,False
Black Crusaders,Loyalist,Imperium,,,,False,False
Black Dragons,Loyalist,Imperium,Salamanders,21,Active,False,False
Black Feast,Renegade/Chaos,Khorne,World Eaters,,Destroyed,False,False
Black Guard,Loyalist,Imperium,Raven Guard,2,Active,False,False
Black Inculpators,Loyalist,Imperium,,,,False,False
Black Legion,Renegade/Chaos,Chaos Undivided,Sons of Horus,,Active,False,False
Black Lions,Loyalist,Imperium,,,,False,False
Black Pegasi,Loyalist,Imperium,,,Active,False,False
Black Ravens,Loyalist,Imperium,,,,False,False
Black Skull,Renegade/Chaos,,,,,False,False
Black Talons,Loyalist,Imperium,,,,False,False
Black Talons (Chaos Space Marines),Renegade/Chaos,,Black Legion,,Active,False,False
Black Templars,Loyalist,Imperium,Imperial Fists,2,Active,False,False
Black Vipers,Loyalist,Imperium,Salamanders,Ultima,Active,False,False
Black Vultures,Loyalist,Imperium,,Ultima Founding,Active,False,False
Black Wings,Loyalist,Imperium,,,,False,False
Blacksouls,Renegade/Chaos,Chaos Undivided,,,Active,False,False
Bladekeepers,Loyalist,Imperium,Dark Angels,,Active,False,False
Blades Eternal,Loyalist,Imperium,,,Destroyed,False,False
Blades Sinister,Renegade/Chaos,Tzeentch,Thousand Sons,,Active,False,False
Blades of Magnus,Renegade/Chaos,,Thousand Sons,,Active,False,False
Blades of Rage,Renegade/Chaos,Khorne,,,Active,False,False
Blades of Savasdus,Renegade/Chaos,,Night Lords,,Active,False,False
Blades of Vengeance,Loyalist,Imperium,Dark Angels,Ultima,Active,False,False
Blades of the Despoiler,Renegade/Chaos,Khorne,Black Legion,,Destroyed,False,False
Blazoned Legion,Loyalist,Imperium,,,,False,False
Bleak Brotherhood,Renegade/Chaos,,,,,False,False
Bleak Claw,Renegade/Chaos,,Night Lords,,Active,False,False
Bleeding Eye,Renegade/Chaos,Chaos Undivided,Night Lords,,Active,False,False
Blighted Ones,Renegade/Chaos,Nurgle,,,Active,False,False
Blighted Sons,Renegade/Chaos,Nurgle,,,Active,False,False
Blood Angels,Loyalist,Imperium,,1,Active,True,False
Blood Brotherhood,Renegade/Chaos,Khorne,World Eaters,,Active,False,False
Blood Disciples,Renegade/Chaos,Khorne,Emperor's Wolves,M36,Active,False,False
Blood Dragons,Loyalist,Imperium,Blood Angels,,Active,False,False
Blood Drinkers,Loyalist,Imperium,Blood Angels,2,Active,False,False
Blood Eagles,Loyalist,Imperium,Blood Angels,,Destroyed,False,False
Blood Gorgons,Renegade/Chaos,Chaos Undivided,,21,Active,False,False
Blood Knights,Loyalist,Imperium,,,,False,False
Blood Krakens,Loyalist,Imperium,,,Active,False,False
Blood Legion,Loyalist,Imperium,Blood Angels,,Active,False,False
Blood Legion of Khorne,Renegade/Chaos,Khorne,World Eaters,,,False,False
Blood Lords,Loyalist,Imperium,,,,False,False
Blood Ravens,Loyalist,Imperium,,,Active,False,False
Blood Reavers,Loyalist,Imperium,,,,False,False
Blood Scythes,Loyalist,Imperium,Blood Angels,Ultima,Active,False,False
Blood Sharks,Loyalist,Imperium,,,,False,False
Blood Storm,Renegade/Chaos,,,,,False,False
Blood Swords,Loyalist,Imperium,Blood Angels,,Active,False,False
Blood Templars,Loyalist,Imperium,Blood Angels,,Active,False,False
Blood Tigers,Loyalist,Imperium,,,,False,False
Blood Vipers,Loyalist,Imperium,,,Active,False,False
Blood Wings,Loyalist,Imperium,Blood Angels,,Destroyed,False,False
Blood Wolves,Renegade/Chaos,Khorne,Space Wolves,,,False,False
Bloodblessed,Renegade/Chaos,Khorne,,,Active,False,False
Bloodgorged,Renegade/Chaos,Khorne,,,Active,False,False
Bloodlords,Renegade/Chaos,Khorne,Spears of Olympus,M37,,False,False
Bloodspawned,Renegade/Chaos,Khorne,,,,False,False
Bloody Crescent,Renegade/Chaos,,,,Active,False,False
Bloody Daggers,Renegade/Chaos,,,,Destroyed,False,False
Bloody Dawn,Renegade/Chaos,Khorne,World Eaters,,,False,False
Bloody Path,Renegade/Chaos,Khorne,World Eaters,,Destroyed,False,False
Bone Knives,Loyalist,Imperium,,,,False,False
Bonescar,Renegade/Chaos,Khorne,World Eaters,,,False,False
Bragza's Fell-handed,Renegade/Chaos,,,,,False,False
Brazen Annihilators,Loyalist,Imperium,Imperial Fists,,Active,False,False
Brazen Beasts,Renegade/Chaos,Khorne,Golden Blades,M37,Active,False,False
Brazen Butchers,Renegade/Chaos,Khorne,World Eaters,,,False,False
Brazen Claws,Loyalist,Imperium,Iron Hands,2,Active,False,False
Brazen Consuls,Loyalist,Imperium,Ultramarines,,Active,False,False
Brazen Drakes,Renegade/Chaos,,,,Renamed,False,False
Brazen Fists,Loyalist,Imperium,,,Active,False,False
Brazen Guard,Renegade/Chaos,,,,,False,False
Brazen Minotaurs,Loyalist,Imperium,,,Active,False,False
Brazen Skulls,Loyalist,Imperium,,Ultima,Active,False,False
Brethren Esoteric,Loyalist,Imperium,,,Active,False,False
Brethren of the Fly,Renegade/Chaos,Nurgle,Death Guard,,Active,False,False
Bringers of Decay,Renegade/Chaos,Nurgle,Black Legion,,Active,False,False
Bringers of Enlightment,Renegade/Chaos,Chaos Undivided,Word Bearers,,Active,False,False
Bringers of Judgement,Loyalist,Imperium,Dark Angels,,Active,False,False
Bringers of Putrid Salvation,Renegade/Chaos,Nurgle,Death Guard,,Active,False,False
Bronze Gorgons,Renegade/Chaos,,,,Renamed,False,False
Brotherhood of Blood,Renegade/Chaos,,,,,False,False
Brotherhood of Darkness,Renegade/Chaos,,,,,False,False
Brotherhood of Dust,Renegade/Chaos,,Thousand Sons,,Destroyed,False,False
Brotherhood of Lethe,Renegade/Chaos,,Crusaders of Dorn,,,False,False
Brotherhood of Plague,Renegade/Chaos,Nurgle,,,,False,False
Brotherhood of Reaping,Renegade/Chaos,Nurgle,Death Guard,,Active,False,False
Brotherhood of Unclean Mercy,Renegade/Chaos,Nurgle,,,,False,False
Brotherhood of a Thousand,Loyalist,Imperium,,,Active,False,False
Brotherhood of the Bear,Loyalist,Imperium,,,,False,False
Brothers Penitent,Loyalist,Imperium,,,,False,False
Brothers of Anarchy,Renegade/Chaos,Khorne,,,Active,False,False
Brothers of Darkness,Renegade/Chaos,,,,,False,False
Brothers of Jarad,Loyalist,Imperium,Blood Angels,,Destroyed,False,False
Brothers of Livos,Renegade/Chaos,Chaos Undivided,,,,False,False
Brothers of Retaliation,Renegade/Chaos,Tzeentch,Thousand Sons,M32,,False,False
Brothers of the Anvil,Renegade/Chaos,,,,Renamed,False,False
Brothers of the Red,Loyalist,Imperium,Blood Angels,,,False,False
Burning Blood,Loyalist,Imperium,Blood Angels,,Destroyed,False,False
Burning Eye Legion,Renegade/Chaos,,,,,False,False
Butcherhorde,Renegade/Chaos,Khorne,World Eaters,,Active,False,False
Carcharodons,Loyalist,Imperium,,,Active,False,False
Carmine Blades,Loyalist,Imperium,Blood Angels,,Active,False,False
Carnovora,Loyalist,Imperium,,,,False,False
Carrion Brotherhood,Renegade/Chaos,Nurgle,Death Guard,,Active,False,False
Carrion Hounds,Renegade/Chaos,Nurgle,Death Guard,,,False,False
Castellans of the Rift,Loyalist,Imperium,Ultramarines,Ultima,Active,False,False
Celebrants,Loyalist,Imperium,,M36,Active,False,False
Celestial Guard,Loyalist,Imperium,,,Active,False,False
Celestial Lions,Loyalist,Imperium,Imperial Fists,M38,Active,False,False
Celestial Swords (First chapter),Loyalist,Imperium,,,Destroyed,False,False
Celestial Swords (Second chapter),Loyalist,Imperium,,,Destroyed,False,False
Celestials,Loyalist,Imperium,Imperial Fists,,,False,False
Cerulean Guard,Loyalist,Imperium,,,,False,False
Champions of Thanatos,Loyalist,Imperium,,,Active,False,False
Changebringers,Renegade/Chaos,Tzeentch,,,Active,False,False
Chapter of the Onyx Maw,Renegade/Chaos,,Word Bearers,M31,Destroyed,False,False
Charnel Guard,Loyalist,Imperium,Blood Angels,3,Active,False,False
Chevaliers de la Lumière,Loyalist,Imperium,,,,False,False
Children of Blain,Renegade/Chaos,Nurgle,Steel Cobras,,Active,False,False
Children of Blight,Renegade/Chaos,Nurgle,,,Active,False,False
Children of Purgatos,Renegade/Chaos,,,,,False,False
Children of Torment,Renegade/Chaos,Slaanesh,Black Legion,,Active,False,False
Children of the Crimson Lord,Renegade/Chaos,Khorne,,,Active,False,False
Choir of Aberrance,Renegade/Chaos,Slaanesh,,,,False,False
Chorus of Eltain,Loyalist,Imperium,,,Destroyed,False,False
Chosen of Nemeroth,Renegade/Chaos,Chaos Undivided,,,Destroyed,False,False
Chromite Beasts,Renegade/Chaos,,Iron Warriors,,Active,False,False
Claws of Lorek,Renegade/Chaos,,,,Active,False,False
Claws of Ursus,Loyalist,Imperium,,,Active,False,False
Clerics of Steel,Renegade/Chaos,,,,Renamed,False,False
Clysm,Renegade/Chaos,Khorne,World Eaters,,Destroyed,False,False
Cohors Nasicae,Renegade/Chaos,Slaanesh,Emperor's Children,M31,Active,False,False
Colossi of Kronos,Loyalist,Imperium,,,Active,False,False
Company of Misery,Renegade/Chaos,,Desolate Brotherhood,,Active,False,False
Company of the Shadow,Renegade/Chaos,,Death Falcons,,,False,False
Condemnors,Loyalist,Imperium,,,Active,False,False
Congregation of the Blessed Foul,Renegade/Chaos,Nurgle,Death Guard,,Active,False,False
Consecrators,Loyalist,Imperium,Dark Angels,,Active,False,False
Contenders,Loyalist,Imperium,,,Active,False,False
Corpsemakers,Renegade/Chaos,Chaos Undivided,Black Legion,,,False,False
Corpsemakers (Death Guard),Renegade/Chaos,Nurgle,Death Guard,,Active,False,False
Corpus Brethren,Renegade/Chaos,Slaanesh,Sentinels,,Active,False,False
Coruscators,Loyalist,Imperium,,,Active,False,False
Coven of Many Eyes,Renegade/Chaos,Tzeentch,,,Active,False,False
Coven of Nine,Renegade/Chaos,Tzeentch,,,Active,False,False
Coven of the One Change,Renegade/Chaos,Tzeentch,,,Active,False,False
Covenant of Fire,Loyalist,Imperium,Salamanders,Ultima,Active,False,False
Cowled Wardens,Loyalist,Imperium,Dark Angels,,Active,False,False
Creations of Bile,Renegade/Chaos,,Emperor's Children,,Active,False,False
Crimson Axes,Loyalist,Imperium,Executioners,,Destroyed,False,False
Crimson Blades,Loyalist,Imperium,Blood Angels,,Active,False,False
Crimson Castellans,Loyalist,Imperium,,,Active,False,False
Crimson Claws,Renegade/Chaos,,Black Legion,,Active,False,False
Crimson Consuls,Loyalist,Imperium,Ultramarines,,Destroyed,False,False
Crimson Covenant,Renegade/Chaos,Khorne,World Eaters,,Destroyed,False,False
Crimson Desecrators,Renegade/Chaos,Khorne,World Eaters,,Active,False,False
Crimson Fangs,Renegade/Chaos,Khorne,World Eaters,,Active,False,False
Crimson Fists,Loyalist,Imperium,Imperial Fists,2,Active,False,False
Crimson Guard,Loyalist,Imperium,,,,False,False
Crimson Hurricane,Renegade/Chaos,,Black Legion,,Active,False,False
Crimson Knights,Loyalist,Imperium,Blood Angels,M35,,False,False
Crimson Lament,Loyalist,Imperium,,,Active,False,False
Crimson Legion,Loyalist,Imperium,Blood Angels,,Destroyed,False,False
Crimson Minotaurs,Loyalist,Imperium,,,,False,False
Crimson Paladins,Loyalist,Imperium,,,Active,False,False
Crimson Raptors,Loyalist,Imperium,,,Active,False,False
Crimson Sabres,Renegade/Chaos,,,,Renamed,False,False
Crimson Scions,Loyalist,Imperium,,,Active,False,False
Crimson Scythes,Loyalist,Imperium,,,,False,False
Crimson Shades,Loyalist,Imperium,,,Active,False,False
Crimson Slaughter,Renegade/Chaos,Chaos Undivided,Crimson Sabres,,Active,False,False
Crimson Sons,Renegade/Chaos,Tzeentch,Thousand Sons,,Active,False,False
Crimson Swords,Loyalist,Imperium,Blood Angels,,Active,False,False
Crimson Talons,Loyalist,Imperium,,,Active,False,False
Crimson Templars,Loyalist,Imperium,,,,False,False
Cruor Blades,Loyalist,Imperium,Blood Angels,,Active,False,False
Crusaders,Loyalist,Imperium,,,Active,False,False
Crusaders of Dorn,Renegade/Chaos,,,,Renamed,False,False
Crushers of Bone,Renegade/Chaos,Khorne,World Eaters,,Active,False,False
Crystal Harbingers,Renegade/Chaos,Tzeentch,Thousand Sons,,Active,False,False
Crystal Wyverns,Renegade/Chaos,,Bronze Gorgons,M37,,False,False
Cursed Company,Renegade/Chaos,,,,,False,False
Daggerfangs,Renegade/Chaos,Chaos Undivided,Alpha Legion,,Active,False,False
Darganti Revenants,Renegade/Chaos,,Alpha Legion,,Active,False,False
Dark Angels,Loyalist,Imperium,,1,Active,True,False
Dark Brotherhood,Loyalist,Imperium,,,Active,False,False
Dark Brotherhood (Blackshields),Renegade/Chaos,,,M31,,False,False
Dark Castellans,Renegade/Chaos,Chaos Undivided,Iron Warriors,,,False,False
Dark Crusaders,Loyalist,Imperium,,,Active,False,False
Dark Eagles,Loyalist,Imperium,,,Active,False,False
Dark Hands,Loyalist,Imperium,,,,False,False
Dark Hunters,Loyalist,Imperium,White Scars,M37,Active,False,False
Dark Krakens,Loyalist,Imperium,Salamanders,Ultima,Active,False,False
Dark Paladins,Loyalist,Imperium,,3,Destroyed,False,False
Dark Sons,Loyalist,Imperium,Novamarines,,Active,False,False
Dark Swords,Loyalist,Imperium,,,Active,False,False
Dark Templars,Loyalist,Imperium,,,,False,False
Dark Tusks,Renegade/Chaos,Nurgle,,,,False,False
Darkspires,Loyalist,Imperium,,,Active,False,False
Darkstrike,Renegade/Chaos,,Night Lords,,Active,False,False
Death Bringers,Renegade/Chaos,Nurgle,,,Active,False,False
Death Eagles,Loyalist,Imperium,,,Active,False,False
Death Eagles (Blackshields),Loyalist,Imperium,Emperor's Children,M31,,False,False
Death Falcons,Renegade/Chaos,,,,Renamed,False,False
Death Guard,Renegade/Chaos,Nurgle,,1,Active,True,False
Death Hawks,Loyalist,Imperium,,,,False,False
Death Hunters,Loyalist,Imperium,,,Active,False,False
Death Knights,Loyalist,Imperium,,,,False,False
Death Shadows,Renegade/Chaos,,Lionguard,M37,Destroyed,False,False
Death Spectres,Loyalist,Imperium,Raven Guard,,Active,False,False
Death Strike,Loyalist,Imperium,Imperial Fists,,Active,False,False
Death Wardens,Loyalist,Imperium,Blood Angels,3,Active,False,False
Deathdealers,Loyalist,Imperium,,,Active,False,False
Deathmongers,Renegade/Chaos,,Brothers of the Anvil,M37,Active,False,False
Deathwatch,Loyalist,Imperium,,M32,Active,False,False
Defenders Obscurus,Loyalist,Imperium,Imperial Fists,,Active,False,False
Desert Lions,Loyalist,Imperium,,,,False,False
Desolate Brotherhood,Renegade/Chaos,,,,Renamed,False,False
Desolation Hounds,Renegade/Chaos,,,M31,,False,False
Desolators,Loyalist,Imperium,,,,False,False
Destroyers,Loyalist,Imperium,White Scars,2,Active,False,False
Dhorngar's Goredrinkers,Renegade/Chaos,Khorne,World Eaters,,Active,False,False
Dictators,Loyalist,Imperium,,,,False,False
Direglaives,Loyalist,Imperium,,,Active,False,False
Disciples of Blood,Loyalist,Imperium,Blood Angels,,Active,False,False
Disciples of Caliban,Loyalist,Imperium,Dark Angels,M37,Active,False,False
Disciples of Destruction,Renegade/Chaos,,,,,False,False
Disciples of Doom,Renegade/Chaos,,Black Legion,,Active,False,False
Disciples of Pustulence,Renegade/Chaos,Nurgle,Death Guard,,Active,False,False
Disciples of Rage,Renegade/Chaos,Khorne,,,,False,False
Disciples of the Flame,Renegade/Chaos,Imperium,Salamanders & Raven Guard & Iron Hands & Iron Warriors,M31,,False,False
Dolorous Gnaw,Renegade/Chaos,Nurgle,Death Guard,,Active,False,False
Dolorous Guard,Renegade/Chaos,,Ashen Blades,,Active,False,False
Doom Eagles,Loyalist,Imperium,Ultramarines,2,Active,False,False
Doom Fists,Loyalist,Imperium,Imperial Fists,,,False,False
Doom Griffons,Loyalist,Imperium,,,Active,False,False
Doom Legion,Loyalist,Imperium,Ultramarines,,Active,False,False
Doom Warriors,Loyalist,,,,,False,False
Doomsayers,Loyalist,Imperium,,,Active,False,False
Draconis,Loyalist,Imperium,,,,False,False
Dragon Lords,Loyalist,Imperium,,,Active,False,False
Dragon Warriors,Renegade/Chaos,,,,,False,False
Dragons Ardent,Loyalist,Imperium,Blood Angels,,Active,False,False
Dragonspears,Loyalist,Imperium,Salamanders,Ultima,Active,False,False
Drakkoth's Destroyers,Renegade/Chaos,,Black Legion,,Active,False,False
Drowned Lords,Renegade/Chaos,Nurgle,Death Guard,,Active,False,False
Dru'Kashyl,Renegade/Chaos,,Iron Warriors,,Active,False,False
Eagle Warriors,Loyalist,Imperium,Ultramarines,2,Active,False,False
Eagles Iridescent,Renegade/Chaos,Tzeentch,,,Active,False,False
Ebon Knights,Loyalist,Imperium,,,,False,False
Ebon Sentinels,Renegade/Chaos,,,,Destroyed,False,False
Effacers of Medrengard,Renegade/Chaos,,Iron Warriors,,Active,False,False
Eight Sons,Renegade/Chaos,Khorne,World Eaters,,Active,False,False
Eight Stolen Truths,Renegade/Chaos,,Alpha Legion,,Active,False,False
Eightscarred,Renegade/Chaos,Khorne,,,Active,False,False
Emissaries of the Wasting Death,Renegade/Chaos,Nurgle,,,Active,False,False
Emperor's Blades,Loyalist,Imperium,,,Active,False,False
Emperor's Children,Renegade/Chaos,Slaanesh,,1,Active,True,False
Emperor's Claws,Loyalist,Imperium,,,Active,False,False
Emperor's Hands,Loyalist,Imperium,,,,False,False
Emperor's Hawks,Loyalist,Imperium,,,,False,False
Emperor's Scythes,Loyalist,Imperium,,,Active,False,False
Emperor's Shadows,Loyalist,Imperium,,,,False,False
Emperor's Shields,Loyalist,Imperium,,,Active,False,False
Emperor's Spears,Loyalist,Imperium,Ultramarines,25,Active,False,False
Emperor's Storm,Loyalist,Imperium,,,Active,False,False
Emperor's Swords (Bellicas),Loyalist,Imperium,,,Active,False,False
Emperor's Swords (Ghorstangrad),Loyalist,Imperium,,,Destroyed,False,False
Emperor's Warbringers,Loyalist,Imperium,Imperial Fists,,Active,False,False
Emperor's Wolves,Loyalist,Imperium,,,Active,False,False
Emperor's Wrath,Loyalist,Imperium,,,Active,False,False
Emperor’s Havoc,Loyalist,Imperium,Imperial Fists,,Active,False,False
Emperor’s Paladins,Loyalist,Imperium,,,,False,False
Emperor’s Pointy Sticks,Loyalist,Imperium,,,Active,False,False
Empyrion's Blight,Renegade/Chaos,Nurgle,Death Guard,,Active,False,False
Encrusted Blade,Renegade/Chaos,Khorne,,,,False,False
Endless Murder,Renegade/Chaos,Khorne,World Eaters,,Destroyed,False,False
Eradicatus Corps,Renegade/Chaos,Nurgle,The Purge,,Active,False,False
Espandors,Loyalist,Imperium,,,,False,False
Excorias Elites,Renegade/Chaos,Tzeentch,The Scourged,,Active,False,False
Excoriators,Loyalist,Imperium,Imperial Fists,2,Active,False,False
Excruciators,Loyalist,Imperium,,,Active,False,False
Excubants,Loyalist,Imperium,,,,False,False
Execrators,Loyalist,Imperium,,,,False,False
Executioners,Loyalist,Imperium,Imperial Fists,3,Active,False,False
Exemplars,Loyalist,Imperium,,,Active,False,False
Exorcists,Loyalist,Imperium,Imperial Fists,13,Active,False,False
Exquisite Host,Renegade/Chaos,Slaanesh,,,,False,False
Exsanguinators,Loyalist,Imperium,Blood Angels,,Active,False,False
Extinction Angels,Renegade/Chaos,,,,,False,False
Exultant,Renegade/Chaos,,,,Active,False,False
Faithfull,Renegade/Chaos,,Word Bearers,,Active,False,False
Falling Star,Loyalist,Imperium,,,,False,False
Fangs of the Emperor,Loyalist,Imperium,World Eaters & Death Guard & Iron Warriors & Raven Guard,M31,,False,False
Farstalkers,Loyalist,Imperium,,,Active,False,False
Faultless,Renegade/Chaos,Slaanesh,Emperor's Children,,Active,False,False
Favoured Sons,Renegade/Chaos,Nurgle,Death Guard,,Active,False,False
Fecund Ones,Renegade/Chaos,Nurgle,,,Active,False,False
Ferrocratic Creed,Renegade/Chaos,,Iron Warriors,,Active,False,False
Festering Scar,Renegade/Chaos,Nurgle,Death Guard,,Active,False,False
Festerlung Brotherhood,Renegade/Chaos,Nurgle,Death Guard,,Active,False,False
Fifteen Fangs,Renegade/Chaos,Khorne,World Eaters,M31,Destroyed,False,False
Fifth Sept,Renegade/Chaos,Nurgle,Death Guard,,Active,False,False
Filthfavoured,Renegade/Chaos,Nurgle,Death Guard,,Active,False,False
Fire Angels,Loyalist,Imperium,Ultramarines,25,Active,False,False
Fire Claws,Renegade/Chaos,,,M36,Renamed,False,False
Fire Hawks,Loyalist,Imperium,Ultramarines,21,Destroyed,False,False
Fire Lords,Loyalist,Imperium,,,Active,False,False
Fire Reavers,Renegade/Chaos,,,,,False,False
Fire Riders,Renegade/Chaos,Khorne,World Eaters,,Active,False,False
Firebreathers,Loyalist,Imperium,,,Active,False,False
Fists Exemplar,Loyalist,Imperium,Imperial Fists,2,Destroyed,False,False
Fists of Brass,Renegade/Chaos,Khorne,,,Destroyed,False,False
Fists of Olchis,Renegade/Chaos,,,,,False,False
Fists of Wrath,Loyalist,Imperium,Imperial Fists,,,False,False
Flame Eagles,Loyalist,Imperium,Raven Guard,,,False,False
Flame Falcons,Renegade/Chaos,,,21,,False,False
Flames of Aries,Loyalist,Imperium,Imperial Fists,,Active,False,False
Flesh Eaters,Loyalist,Imperium,Blood Angels,,Active,False,False
Flesh Tearers,Loyalist,Imperium,Blood Angels,2,Active,False,False
Fleshreavers,Renegade/Chaos,Khorne,,,Active,False,False
Flickering Blades,Renegade/Chaos,Slaanesh,,,,False,False
Flylords,Renegade/Chaos,,Vengeance Chapter,M37,,False,False
Foresworn (Word Bearers),Renegade/Chaos,Chaos Undivided,Word Bearers,,,False,False
Foresworn (World Eaters),Renegade/Chaos,Khorne,World Eaters,M31,Active,False,False
Forge of Hate,Renegade/Chaos,Khorne,World Eaters,,Destroyed,False,False
Forgeborn,Renegade/Chaos,,Iron Warriors,,Active,False,False
Forgemaws,Renegade/Chaos,,Iron Warriors,,Active,False,False
Forlorn Sons,Loyalist,Imperium,,,Active,False,False
Fractal Blades,Renegade/Chaos,Tzeentch,Thousand Sons,,Active,False,False
Fulminators,Loyalist,Imperium,Ultramarines,Ultima,Active,False,False
Furor Marines,Loyalist,Imperium,,,,False,False
Garazak's Skullreapers,Renegade/Chaos,Khorne,World Eaters,,Active,False,False
Genesis Chapter,Loyalist,Imperium,Ultramarines,2,Active,False,False
Gerasene Host,Renegade/Chaos,,,M31,,False,False
Germinatoris,Renegade/Chaos,Nurgle,,,,False,False
Gilded Manifestans,Renegade/Chaos,Tzeentch,The Scourged,,Active,False,False
Gilded Sons,Loyalist,Imperium,,,Active,False,False
Gladiator Group 138,Renegade/Chaos,Khorne,,,,False,False
Glooming Lords,Renegade/Chaos,Nurgle,,,Active,False,False
Gloomtalons,Renegade/Chaos,Chaos Undivided,Night Lords,,Active,False,False
Golden Blades,Loyalist,Imperium,,,Active,False,False
Golden Gryphons,Loyalist,Imperium,,,,False,False
Golden Halos,Loyalist,Imperium,,M36,Active,False,False
Golden Paladins,Loyalist,Imperium,,,,False,False
Golden Sons,Loyalist,Imperium,Blood Angels,M38,Active,False,False
Golden Taint,Renegade/Chaos,,,,Destroyed,False,False
Gore Golems,Loyalist,Imperium,,,Active,False,False
Gorechain,Renegade/Chaos,Khorne,Night Lords,,Active,False,False
Gorefists,Renegade/Chaos,Khorne,,,Active,False,False
Gorehands,Renegade/Chaos,Khorne,,,Active,False,False
Gorehounds,Renegade/Chaos,Khorne,,,Active,False,False
Gorehunters,Renegade/Chaos,Khorne,World Eaters,,Active,False,False
Goremongers,Renegade/Chaos,Khorne,,,,False,False
Gorestalkers,Renegade/Chaos,Khorne,,,Active,False,False
Gorgons,Loyalist,Imperium,,,Active,False,False
Grail Guard,Loyalist,Imperium,Blood Angels,,Active,False,False
Grand Guard,Renegade/Chaos,,,,Active,False,False
Grand Order of Hermetic Blades,Renegade/Chaos,Tzeentch,Thousand Sons,,Active,False,False
Graven Fists,Renegade/Chaos,,,,,False,False
Graven Spectres,Renegade/Chaos,,,,,False,False
Grey Death,Renegade/Chaos,Nurgle,Iron Drakes,,Active,False,False
Grey Giants,Loyalist,Imperium,,,Active,False,False
Grey Glaives,Renegade/Chaos,,,,Active,False,False
Grey Knights,Loyalist,Imperium,,2,Active,False,False
Grey Slayers,Renegade/Chaos,,,,Destroyed,False,False
Grief Bringers,Loyalist,Imperium,,,,False,False
Griffon Lords,Loyalist,Imperium,,,Active,False,False
Griffons of Repentance,Loyalist,Imperium,,,Active,False,False
Grimhunters,Renegade/Chaos,,,,,False,False
Guardians of Celeres,Loyalist,Imperium,,,Active,False,False
Guardians of the Covenant,Loyalist,Imperium,Dark Angels,,Active,False,False
Hakanor's Reavers,Renegade/Chaos,,,,,False,False
Halo Brethren,Loyalist,Imperium,,4,Active,False,False
Halo Dragons,Loyalist,Imperium,,,Active,False,False
Hammers Relentless,Renegade/Chaos,,Iron Warriors,,Active,False,False
Hammers of Dhrex,Loyalist,Imperium,,,Active,False,False
Hammers of Dorn,Loyalist,Imperium,Imperial Fists,M41,Active,False,False
Hammers of Nocturne,Loyalist,Imperium,Salamanders,Ultima,Active,False,False
Hammers of Retribution,Loyalist,Imperium,,,,False,False
Hand of Filth,Renegade/Chaos,Nurgle,Death Guard,,Active,False,False
Harbingers,Loyalist,Imperium,,,,False,False
Harbingers of Destruction,Renegade/Chaos,Khorne,Black Legion & World Eaters,,Active,False,False
Harrowers,Loyalist,Imperium,,,Active,False,False
Harvest,Renegade/Chaos,Khorne,,,Active,False,False
Harvest Macabre,Renegade/Chaos,Khorne,,,Destroyed,False,False
Hawk Lords,Loyalist,Imperium,,,Active,False,False
Hedonistarii,Renegade/Chaos,Slaanesh,,,Active,False,False
Helhawks,Renegade/Chaos,,,,Active,False,False
Helion Legion,Loyalist,Imperium,Ultramarines,,,False,False
Hellreapers,Renegade/Chaos,,,,Active,False,False
Heralds of Despair,Renegade/Chaos,Nurgle,,,Active,False,False
Heralds of Ultramar,Loyalist,Imperium,Ultramarines,,,False,False
Heralds of Vengeance,Loyalist,Imperium,,,Active,False,False
Heralds of the Fly,Renegade/Chaos,Nurgle,Death Guard,,Active,False,False
Heralds of the Inevitable End,Renegade/Chaos,,Black Legion,,Active,False,False
Hex-Clawed Phoenix,Renegade/Chaos,Slaanesh,Emperor's Children,,Active,False,False
Hollow Ghouls,Renegade/Chaos,,,,Active,False,False
Hollow Ones,Renegade/Chaos,Nurgle,Death Guard,,Active,False,False
Holy Sons of Lorgar,Renegade/Chaos,Chaos Undivided,Word Bearers,,Active,False,False
Honoured Sons,Loyalist,Imperium,,,Active,False,False
Honourless,Renegade/Chaos,Chaos Undivided,Alpha Legion,,Destroyed,False,False
Horde of Misery,Renegade/Chaos,,,,Active,False,False
Horkrax's Elect,Renegade/Chaos,Khorne,World Eaters,,Active,False,False
Hospitallers,Loyalist,Imperium,Imperial Fists,24,Active,False,False
Hound Skull,Loyalist,Imperium,,,,False,False
Hound Stalkers,Loyalist,Imperium,,,Active,False,False
Hound's Jaws,Renegade/Chaos,Khorne,World Eaters,,Active,False,False
Hounds of Abaddon,Renegade/Chaos,Khorne,,,Active,False,False
Hounds of Demos,Loyalist,Imperium,,,,False,False
Howling Griffons,Loyalist,Imperium,Ultramarines,M33,Active,False,False
Howling Serpents,Loyalist,Imperium,,,,False,False
Ice Bears,Loyalist,Imperium,,,Active,False,False
Icefangs,Loyalist,Imperium,Space Wolves,Ultima,Active,False,False
Iconoclastic Brotherhood,Renegade/Chaos,,Word Bearers,,Active,False,False
Iconoclasts,Renegade/Chaos,,Altar Brethren,M37,,False,False
Illustrians,Renegade/Chaos,,,,Renamed,False,False
Immortal Hearts,Loyalist,Imperium,,,,False,False
Immortal Legion,Renegade/Chaos,,,,Active,False,False
Imperators,Loyalist,Imperium,,,,False,False
Imperial Castellans,Loyalist,Imperium,,,,False,False
Imperial Castilians,Loyalist,Imperium,,,,False,False
Imperial Fists,Loyalist,Imperium,,1,Active,True,False
Imperial Harbingers,Loyalist,Imperium,,23,,False,False
Imperial Hawks,Loyalist,Imperium,,,Active,False,False
Imperial Paladins,Loyalist,Imperium,,,,False,False
Imperial Ravagers,Loyalist,Imperium,,,,False,False
Imperial Scars,Loyalist,Imperium,,,,False,False
Imperial Stars,Loyalist,Imperium,,,,False,False
Imperial Talons,Loyalist,Imperium,Raven Guard,,Active,False,False
Imperius Reavers,Loyalist,Imperium,Ultramarines,4,,False,False
Inceptors,Loyalist,Imperium,Ultramarines,2,Active,False,False
Inculcators,Loyalist,Imperium,,,,False,False
Infested Brethren,Renegade/Chaos,Nurgle,Death Guard,,Active,False,False
Ingeniators,Loyalist,Imperium,,,Active,False,False
Interceptors,Loyalist,Imperium,,,,False,False
Invaders,Loyalist,Imperium,Imperial Fists,,Active,False,False
Invictors,Renegade/Chaos,,,,Renamed,False,False
Inviolators,Loyalist,Imperium,,,,False,False
Invocators,Renegade/Chaos,Chaos Undivided,Clerics of Steel,M37,Active,False,False
Iron Angels,Loyalist,Imperium,,,Active,False,False
Iron Brethren,Renegade/Chaos,,Iron Knights,,Active,False,False
Iron Butchers,Loyalist,Imperium,,,Active,False,False
Iron Champions,Loyalist,Imperium,Executioners,,Active,False,False
Iron Crusaders,Loyalist,Imperium,,,Active,False,False
Iron Drakes,Renegade/Chaos,,,,Renamed,False,False
Iron Drakes (Salamanders),Loyalist,Imperium,Salamanders,Ultima,Active,False,False
Iron Fist,Renegade/Chaos,,Iron Warriors,,Active,False,False
Iron Fists,Loyalist,Imperium,Iron Hands,,Active,False,False
Iron Hands,Loyalist,Imperium,,1,Active,True,False
Iron Hawks,Loyalist,Imperium,Ultramarines,,Active,False,False
Iron Hearts,Loyalist,Imperium,,,,False,False
Iron Hounds,Loyalist,Imperium,Ultramarines,,Active,False,False
Iron Knights,Loyalist,Imperium,Imperial Fists,M32,Active,False,False
Iron Lords,Loyalist,Imperium,Iron Hands,,Active,False,False
Iron Ravens,Loyalist,Imperium,Raven Guard,Ultima,Active,False,False
Iron Scepters,Loyalist,Imperium,,,,False,False
Iron Shades,Loyalist,Imperium,,7,Active,False,False
Iron Shield,Loyalist,Imperium,,,,False,False
Iron Skulls,Loyalist,Imperium,,,,False,False
Iron Snakes,Loyalist,Imperium,Ultramarines,2,Active,False,False
Iron Talons,Loyalist,Imperium,White Scars,,Active,False,False
Iron Templars,Loyalist,Imperium,,,,False,False
Iron Warriors,Renegade/Chaos,Chaos Undivided,,1,Active,True,False
Iron Wolves,Loyalist,Imperium,,,,False,False
Ironhydras,Renegade/Chaos,,Alpha Legion,,Active,False,False
Ironspines,Renegade/Chaos,Khorne,Black Legion,,Active,False,False
Ivory Fang,Renegade/Chaos,Chaos Undivided,Word Bearers,,Active,False,False
Jackalan Echoes,Renegade/Chaos,,Crimson Slaughter,,Active,False,False
Jade Dragons,Loyalist,Imperium,,,,False,False
Jade Paladins,Loyalist,Imperium,Imperial Fists,,Active,False,False
Jade Scorpions,Loyalist,Imperium,White Scars,,Active,False,False
Justicars,Renegade/Chaos,,,,Renamed,False,False
Kha'Sherhan,Renegade/Chaos,Tzeentch,Thousand Sons,,Merged,False,False
Killmongers,Renegade/Chaos,,,,,False,False
Kindled Spirits,Renegade/Chaos,Tzeentch,,,Active,False,False
Knights Cerulean,Loyalist,Imperium,Ultramarines,Ultima,Active,False,False
Knights Errant,Loyalist,Imperium,,,Renamed,False,False
Knights Excelsior,Renegade/Chaos,,,,Renamed,False,False
Knights Obstinate,Loyalist,Imperium,,,Active,False,False
Knights Sanguine,Loyalist,Imperium,Blood Angels,,Destroyed,False,False
Knights Unyielding,Loyalist,Imperium,,,,False,False
Knights of Abhorrence,Loyalist,Imperium,Dark Angels,,Active,False,False
Knights of Blood (Chapter),Renegade/Chaos,Imperium,Blood Angels,,Destroyed,False,False
Knights of Blood (Warband),Renegade/Chaos,,,,,False,False
Knights of Byzantium,Loyalist,Imperium,Iron Hands,Ultima,Active,False,False
Knights of Doom,Loyalist,Imperium,,,Active,False,False
Knights of Dorn,Loyalist,Imperium,Imperial Fists,,,False,False
Knights of Eternity,Loyalist,Imperium,,,Destroyed,False,False
Knights of Gryphonne,Loyalist,Imperium,,,,False,False
Knights of Mhorwen,Loyalist,Imperium,,,Active,False,False
Knights of Redemption,Loyalist,Imperium,Dark Angels,Ultima,Active,False,False
Knights of Thunder,Loyalist,Imperium,,Ultima,Active,False,False
Knights of the Chalice,Loyalist,Imperium,Blood Angels,Ultima,Active,False,False
Knights of the Crimson Order,Loyalist,Imperium,Dark Angels,,Active,False,False
Knights of the Raven,Loyalist,Imperium,Raven Guard,,Active,False,False
Knights of the Shrouded Skull,Loyalist,Imperium,Dark Angels,Ultima,Active,False,False
Knights of the Silver Tower,Renegade/Chaos,Tzeentch,,,Active,False,False
Lamenters,Loyalist,Imperium,Blood Angels,21,Active,False,False
Lances of Pteros,Renegade/Chaos,,,,Renamed,False,False
Lashdrum Monarchs,Renegade/Chaos,Slaanesh,The Flawless Host,,Active,False,False
Lectors of Ixis,Renegade/Chaos,,,,Renamed,False,False
Legion Host,Renegade/Chaos,Nurgle,Death Guard,,Destroyed,False,False
Legion of Night,Loyalist,Imperium,,,Active,False,False
Legion of the Damned,Loyalist,Imperium,,,Active,False,False
Libators,Loyalist,Imperium,Ultramarines,2,Active,False,False
Liberators,Loyalist,Imperium,,,Active,False,False
Lifeslayers,Renegade/Chaos,Khorne,,,Destroyed,False,False
Lion Warriors,Loyalist,Imperium,,,Active,False,False
Lionguard,Renegade/Chaos,,,,Renamed,False,False
Lions Azure,Loyalist,Imperium,,,,False,False
Lions Defiant,Loyalist,Imperium,,,,False,False
Lions Sable,Loyalist,Imperium,Dark Angels,2,Destroyed,False,False
Lord Kadros' Champions,Renegade/Chaos,,Black Legion,,Active,False,False
Lord Skchalick's Elite,Renegade/Chaos,Khorne,,,,False,False
Lords of Carnage,Renegade/Chaos,Khorne,Crimson Slaughter,,Active,False,False
Lords of Decay,Renegade/Chaos,Nurgle,Lances of Pteros,M37,,False,False
Lords of Desolation,Renegade/Chaos,Chaos Undivided,,,Destroyed,False,False
Lords of Pain,Renegade/Chaos,,,,Active,False,False
Lords of Silence,Renegade/Chaos,Nurgle,,,Active,False,False
Lords of Wrath,Loyalist,Imperium,,,,False,False
Lorehost of Apoketh,Renegade/Chaos,Tzeentch,Thousand Sons,,Active,False,False
Lost Lion,Renegade/Chaos,,Dark Angels & Black Legion,,Merged,False,False
Luna Wolves,Renegade/Chaos,,,1,Renamed,True,False
Luscious Few,Renegade/Chaos,Slaanesh,The Flawless Host,,Active,False,False
Maggotborn,Renegade/Chaos,Nurgle,Death Guard,,Active,False,False
Magisters of the Burning Amethyst,Renegade/Chaos,Tzeentch,,,Active,False,False
Magma Hounds,Renegade/Chaos,,Knights Excelsior,M37,Active,False,False
Malefactors,Renegade/Chaos,,Sigilites,M37,Active,False,False
Mantis Warriors,Loyalist,Imperium,Marauders,,Active,False,False
Marauders,Loyalist,Imperium,White Scars,2,Active,False,False
Marines August,Loyalist,Imperium,,,Active,False,False
Marines Errant,Loyalist,Imperium,Eagle Warriors,23,Active,False,False
Marines Errantor,Loyalist,Imperium,,,,False,False
Marines Exemplar,Loyalist,Imperium,,,Active,False,False
Marines Malevolent,Loyalist,Imperium,,M32,Active,False,False
Marines Mordant,Loyalist,Imperium,Ultramarines,,,False,False
Marines Penitent,Loyalist,Imperium,,,,False,False
Marines Vigilant,Loyalist,Imperium,,,Destroyed,False,False
Masters of Magnus' Will,Renegade/Chaos,Tzeentch,Thousand Sons,,Active,False,False
Masters of Protelus,Loyalist,Imperium,,,,False,False
Masters of the Crystal Serpent,Renegade/Chaos,Tzeentch,Thousand Sons,,Active,False,False
Maulers,Renegade/Chaos,Khorne,,,Active,False,False
Maws of the Arena,Renegade/Chaos,Khorne,World Eaters,,Active,False,False
Mentors,Loyalist,Imperium,,26,Active,False,False
Meridian Shields,Loyalist,Imperium,,,Active,False,False
Metal Claw,Renegade/Chaos,,,,Active,False,False
Metamarines,Loyalist,Imperium,,,Active,False,False
Metatron,Loyalist,Imperium,,,Active,False,False
Mind-Blade,Renegade/Chaos,,,M31,,False,False
Mind-Eaters,Renegade/Chaos,Tzeentch,Thousand Sons,,Active,False,False
Minotaurs,Loyalist,Imperium,,21,Active,False,False
Mirrorhost,Renegade/Chaos,Slaanesh,Emperor's Children,,Active,False,False
Missionaries of Putridity,Renegade/Chaos,Nurgle,Death Guard,,Active,False,False
Mortifactors,Loyalist,Imperium,Ultramarines,2,Active,False,False
Mouldering Claw,Renegade/Chaos,Nurgle,Death Guard,,Active,False,False
Murder Bringers,Renegade/Chaos,Khorne,World Eaters,,Active,False,False
Murderghosts,Renegade/Chaos,Khorne,,,Active,False,False
Murderhounds,Renegade/Chaos,Khorne,,,Active,False,False
Necropolis Hawks,Loyalist,Imperium,Raven Guard,Ultima,Active,False,False
Nemesis,Loyalist,Imperium,Ultramarines,2,Active,False,False
Nemesors,Loyalist,Imperium,,Ultima,Active,False,False
Neverdead,Renegade/Chaos,Nurgle,Death Guard,,Active,False,False
Night Hawks,Loyalist,Imperium,,,,False,False
Night Lords,Renegade/Chaos,Chaos Undivided,,1,Active,True,False
Night Raptors,Loyalist,Imperium,,,Active,False,False
Night Reapers,Renegade/Chaos,,,,,False,False
Night Sentinels,Loyalist,Imperium,,,Active,False,False
Night Stalkers,Renegade/Chaos,,,,,False,False
Night Swords,Loyalist,Imperium,Imperial Fists,M32,,False,False
Night Watch,Loyalist,Imperium,,,Active,False,False
Nightkillers,Renegade/Chaos,,,,,False,False
Nightwing,Renegade/Chaos,,Night Lords,,Active,False,False
Nihilant Banes,Renegade/Chaos,Nurgle,The Purge,,Active,False,False
Nova Legion,Loyalist,Imperium,Ultramarines,,Destroyed,False,False
Nova Wings,Loyalist,Imperium,,,Active,False,False
Novae Armae,Renegade/Chaos,,,,,False,False
Novamarines,Loyalist,Imperium,Ultramarines,2,Active,False,False
Oath-Broken,Renegade/Chaos,Chaos Undivided,Black Legion,,,False,False
Oathed,Renegade/Chaos,Nurgle,Black Legion,,Active,False,False
Oblators,Loyalist,Imperium,,,,False,False
Oblivion Butchers,Renegade/Chaos,Khorne,World Eaters,M31,Destroyed,False,False
Obsidian Glaives,Loyalist,Imperium,Ultramarines,2,Destroyed,False,False
Obsidian Jaguars,Loyalist,Imperium,Ultramarines,,Active,False,False
Omega Marines,Loyalist,Imperium,,M40,,False,False
Oppressors,Renegade/Chaos,,Iron Warriors,,Active,False,False
Oracles of Change,Renegade/Chaos,Tzeentch,Lectors of Ixis,M37,Active,False,False
Outrider,Loyalist,Imperium,,,,False,False
Pain Bringers,Loyalist,Imperium,,,,False,False
Pallid Hand,Renegade/Chaos,Nurgle,Death Guard,,Active,False,False
Pallid Raptors,Renegade/Chaos,Slaanesh,Emperor's Children,,Active,False,False
Panthers,Loyalist,Imperium,,,,False,False
Patriarchs of Ulixis,Loyalist,Imperium,Ultramarines,2,Active,False,False
Penitent Blades,Loyalist,Imperium,Dark Angels,,Active,False,False
Penitents,Loyalist,Imperium,,,Active,False,False
Perfecti,Renegade/Chaos,Slaanesh,Emperor's Children,,Active,False,False
Persecutors of Darkness,Loyalist,Imperium,Dark Angels,,,False,False
Phoenix Conclave,Renegade/Chaos,Slaanesh,Emperor's Children,,Active,False,False
Pistonhand's Daemoniforge,Renegade/Chaos,Khorne,World Eaters,,Active,False,False
Pitiless,Renegade/Chaos,,Iron Warriors,,Active,False,False
Plague Fleet,Renegade/Chaos,Nurgle,Death Guard,,Active,False,False
Plaguecrows,Renegade/Chaos,Nurgle,,,Active,False,False
Plaguewrought Brethren,Renegade/Chaos,Nurgle,Death Guard,,Active,False,False
Poisoned Chalice,Renegade/Chaos,Nurgle,Death Guard,,Active,False,False
Pox Mortis,Renegade/Chaos,Nurgle,Death Guard,,Active,False,False
Poxherders,Renegade/Chaos,Nurgle,Death Guard,,Active,False,False
Praetors of Orpheus,Loyalist,Imperium,Ultramarines,2,Active,False,False
Praetors of Ultramar,Loyalist,Imperium,Ultramarines,Ultima,Active,False,False
Prandium Consul,Loyalist,Imperium,,,Active,False,False
Predator Legion,Renegade/Chaos,,Serpents of Light,M37,,False,False
Prime Absolvers,Loyalist,Imperium,Dark Angels,Ultima,Active,False,False
Prism of Fate,Renegade/Chaos,Tzeentch,Thousand Sons,,Active,False,False
Prodigal Sons,Renegade/Chaos,Tzeentch,Thousand Sons,,,False,False
Prophets of Mercury,Loyalist,Imperium,,,Destroyed,False,False
Prophets of Plague,Renegade/Chaos,Nurgle,Death Guard,,Active,False,False
Prophets of the Blighted Path,Renegade/Chaos,,Word Bearers,,,False,False
Prophets of the Seven,Renegade/Chaos,Nurgle,Death Guard,,Active,False,False
Punishers,Renegade/Chaos,Slaanesh,,,Active,False,False
Pure,Renegade/Chaos,,Star Scorpions,25,Active,False,False
Purgators,Loyalist,Imperium,,,,False,False
Purple Stars,Loyalist,Imperium,,,,False,False
Pus Brothers,Renegade/Chaos,Nurgle,Death Guard,,Active,False,False
Putrid Brotherhood,Renegade/Chaos,Nurgle,Death Guard,,Active,False,False
Putrid Choir,Renegade/Chaos,Nurgle,Death Guard,,Active,False,False
Rainbow Warriors,Loyalist,Imperium,Ultramarines,,,False,False
Rampagers,Loyalist,Imperium,White Scars,2,Active,False,False
Rapacitors,Renegade/Chaos,,,,Active,False,False
Raptorous Flayhost,Renegade/Chaos,,Night Lords,,Active,False,False
Raptors,Loyalist,Imperium,Raven Guard,2,Active,False,False
Ravagers,Renegade/Chaos,Khorne,World Eaters,,Active,False,False
Raven Covenant,Loyalist,Imperium,,,Active,False,False
Raven Guard,Loyalist,Imperium,,1,Active,True,False
Raven's Watch,Loyalist,Imperium,Raven Guard,,Active,False,False
Reaver-Kithe,Renegade/Chaos,Khorne,,,,False,False
Reborn,Loyalist,Imperium,Ultramarines,,Active,False,False
Rechista Fists,Loyalist,Imperium,Crimson Fists,,,False,False
Reclaimers,Loyalist,Imperium,,,Active,False,False
Red Cadavers,Renegade/Chaos,Khorne,,,,False,False
Red Consuls,Loyalist,Imperium,Ultramarines,,Active,False,False
Red Corsairs,Renegade/Chaos,Chaos Undivided,Astral Claws,M41,Active,False,False
Red Dragons,Loyalist,Imperium,,,,False,False
Red Heralds,Renegade/Chaos,,,,,False,False
Red Hunters,Loyalist,Imperium,,,Active,False,False
Red Knights,Loyalist,Imperium,Blood Angels,,Active,False,False
Red Legion,Loyalist,Imperium,,,,False,False
Red Scimitars,Loyalist,Imperium,,,Active,False,False
Red Scorpions,Loyalist,Imperium,,,Active,False,False
Red Seraphs,Loyalist,Imperium,Blood Eagles,,Active,False,False
Red Talons,Loyalist,Imperium,Iron Hands,2,Active,False,False
Red Templars,Loyalist,Imperium,Imperial Fists,,,False,False
Red Wings,Loyalist,Imperium,Blood Angels,,Active,False,False
Red Wolves,Loyalist,Imperium,,,Active,False,False
Redeemed,Loyalist,Imperium,,,,False,False
Redeemers,Loyalist,Imperium,,,,False,False
Redemptors,Loyalist,Imperium,,,,False,False
Reflected Ones,Renegade/Chaos,Tzeentch,Thousand Sons,,Active,False,False
Regents of Gheren,Loyalist,Imperium,,,Active,False,False
Relictors,Renegade/Chaos,Imperium,Fire Claws,,Active,False,False
Reparators,Loyalist,Imperium,,,,False,False
Repentant Brotherhood,Loyalist,Imperium,Dark Angels,,Active,False,False
Retractors,Loyalist,Imperium,,,,False,False
Retributors,Loyalist,Imperium,,,,False,False
Revenants of Umidia,Renegade/Chaos,Chaos Undivided,Crimson Slaughter,,Destroyed,False,False
Revilers,Loyalist,Imperium,Raven Guard,2,Active,False,False
Rhetors,Loyalist,Imperium,,,,False,False
Rift Cobras,Loyalist,Imperium,,Ultima,Active,False,False
Rift Praetors,Loyalist,Imperium,,,Active,False,False
Rift Stalkers,Loyalist,Imperium,Raven Guard,Ultima,Active,False,False
Ripping Nails,Renegade/Chaos,Slaanesh,Emperor's Children,,Active,False,False
Rotted Brotherhood,Renegade/Chaos,Nurgle,,,Active,False,False
Rotworm Brotherhood,Renegade/Chaos,Nurgle,Death Guard,,Active,False,False
Ruby Crescents,Loyalist,Imperium,Blood Angels,,Active,False,False
Runic Blason,Renegade/Chaos,Chaos Undivided,Word Bearers,,Active,False,False
Rusted Claws,Renegade/Chaos,Nurgle,Death Guard,,Active,False,False
Rustwalkers,Renegade/Chaos,Nurgle,Death Guard,,Active,False,False
Rypax,Renegade/Chaos,Slaanesh,Emperor's Children & Night Lords & Word Bearers & Iron Warriors & The Flawless Host & Violators & Angels of Ecstasy & White Scars & Brazen Claws,,Active,False,False
Sable Brotherhood,Loyalist,Imperium,Blood Angels,,Active,False,False
Sable Knights,Loyalist,Imperium,Blood Angels,,Active,False,False
Sable Swords,Loyalist,Imperium,,,,False,False
Salamanders,Loyalist,Imperium,,1,Active,True,False
Sanctors of Terra,Renegade/Chaos,,,,Renamed,False,False
Sanguine Host,Loyalist,Imperium,Blood Angels,,Active,False,False
Sanguine Sons,Renegade/Chaos,,,,,False,False
Sarissan Iron Pact,Renegade/Chaos,Chaos Undivided,Black Legion,,Active,False,False
Savage Spectres,Renegade/Chaos,,Black Legion,,Active,False,False
Savage Swords,Renegade/Chaos,Khorne,,,,False,False
Savagers,Renegade/Chaos,,Iron Warriors,,Active,False,False
Scaled Fang,Renegade/Chaos,,Alpha Legion,,Active,False,False
Scalpers of Skalathrax,Renegade/Chaos,Khorne,World Eaters,,Active,False,False
Scar Lords,Loyalist,Imperium,,2,Destroyed,False,False
Scargivers,Renegade/Chaos,,,,,False,False
Scarlet Ritual,Renegade/Chaos,,Word Bearers,,Active,False,False
Scimitar Guard,Loyalist,Imperium,,,,False,False
Scions of Iron,Loyalist,Imperium,,,,False,False
Scions of Mathellax,Loyalist,Imperium,,,Active,False,False
Scions of Medrengard,Renegade/Chaos,,Iron Warriors,,Active,False,False
Scions of Sanguinius,Loyalist,Imperium,Blood Angels,,Active,False,False
Scions of the Great Architect,Renegade/Chaos,Tzeentch,Thousand Sons,,Active,False,False
Screaming Mind,Renegade/Chaos,Chaos Undivided,Word Bearers,,Active,False,False
Screaming Skulls,Renegade/Chaos,Nurgle,,,,False,False
Scythes of the Emperor,Loyalist,Imperium,Ultramarines,3,Active,False,False
Sect of the Red Echo,Renegade/Chaos,Tzeentch,Thousand Sons,,Active,False,False
Sectai Prosperine,Renegade/Chaos,Tzeentch,Thousand Sons,,Active,False,False
Seekers of Truth,Renegade/Chaos,,,,Renamed,False,False
Seers of Alltome,Renegade/Chaos,Tzeentch,The Scourged,,Active,False,False
Selenarchs,Loyalist,Imperium,,,Active,False,False
Selminster's Curse,Renegade/Chaos,Nurgle,Death Guard,,Active,False,False
Sensorians,Renegade/Chaos,Slaanesh,Emperor's Children,,Active,False,False
Sentinels,Renegade/Chaos,,,,Renamed,False,False
Sentinels of Uphrateus,Loyalist,Imperium,,,,False,False
Serpentine Scourge,Renegade/Chaos,,Alpha Legion,,Active,False,False
Serpents of Light,Renegade/Chaos,,,,Renamed,False,False
Servants of the Abyss,Renegade/Chaos,,,,Active,False,False
Seth's Chosen,Renegade/Chaos,Tzeentch,Thousand Sons,,,False,False
Seven Sorcerers of Harka,Renegade/Chaos,,,,Destroyed,False,False
Sevenfold Filth,Renegade/Chaos,Nurgle,Death Guard,,Active,False,False
Sevens,Renegade/Chaos,Nurgle,Death Guard,,Active,False,False
Seventh Knell,Renegade/Chaos,Nurgle,Death Guard,,Active,False,False
Seventh-day Morbidians,Renegade/Chaos,Nurgle,Death Guard,,Active,False,False
Shadow Falcons,Loyalist,Imperium,,,,False,False
Shadow Flayers,Renegade/Chaos,,Night Lords,,Active,False,False
Shadow Griffons,Loyalist,Imperium,,,,False,False
Shadow Haunters,Loyalist,Imperium,Raven Guard,,Active,False,False
Shadow Hawks,Loyalist,Imperium,,,Active,False,False
Shadow Wolves,Loyalist,Imperium,,,Active,False,False
Shadowed Ones,Renegade/Chaos,Chaos Undivided,Alpha Legion,M31,Destroyed,False,False
Shadowkin of Varadkar,Renegade/Chaos,,Black Legion,M41,Active,False,False
Shards of Enmity,Renegade/Chaos,,,,Active,False,False
Shatter Corps,Renegade/Chaos,Chaos Undivided,Iron Warriors,,Active,False,False
Shattered Bone,Renegade/Chaos,,,,Destroyed,False,False
Shattered Tower,Renegade/Chaos,Chaos Undivided,Iron Warriors,,Destroyed,False,False
Shaven Mane,Renegade/Chaos,,,,Active,False,False
Shifting Sands,Loyalist,Imperium,,,,False,False
Shining Blades,Renegade/Chaos,,,,Renamed,False,False
Shrieking Masquerade,Renegade/Chaos,,Black Legion,,Active,False,False
Shriven,Renegade/Chaos,,Brazen Drakes,,Destroyed,False,False
Shrouded Hand,Renegade/Chaos,Chaos Undivided,Alpha Legion,,Active,False,False
Siege-masters Olympian,Renegade/Chaos,,Iron Warriors,,Active,False,False
Sigilites,Renegade/Chaos,,,,Renamed,False,False
Silent Vigil,Loyalist,Imperium,,,Active,False,False
Silken Death,Renegade/Chaos,Slaanesh,Emperor's Children,,Active,False,False
Silver Drakes,Loyalist,Imperium,,Ultima,Active,False,False
Silver Eagles,Loyalist,Imperium,Ultramarines,2,Active,False,False
Silver Guard,Loyalist,Imperium,,2,Active,False,False
Silver Guards,Renegade/Chaos,,,,,False,False
Silver Phoenixes,Loyalist,Imperium,,,Active,False,False
Silver Sabres,Loyalist,Imperium,,,,False,False
Silver Skulls,Loyalist,Imperium,Ultramarines,,Active,False,False
Silver Sons,Renegade/Chaos,Tzeentch,Thousand Sons,,Active,False,False
Silver Spectres,Loyalist,Imperium,,,,False,False
Silver Stars,Loyalist,Imperium,,,Destroyed,False,False
Silver Templars,Loyalist,Imperium,Ultramarines,Ultima,Active,False,False
Silvered Blades,Loyalist,Imperium,,,Active,False,False
Silvered Sons,Renegade/Chaos,Tzeentch,Thousand Sons,,Active,False,False
Sirens of Agony,Renegade/Chaos,Slaanesh,,,Active,False,False
Six-Cursed,Renegade/Chaos,Tzeentch,Thousand Sons,,Active,False,False
Sixth Rapture,Renegade/Chaos,Slaanesh,Black Legion,,Active,False,False
Skinblades,Renegade/Chaos,,Night Lords,,Active,False,False
Skull Bearers,Loyalist,Imperium,,,Active,False,False
Skull Knights,Renegade/Chaos,,,,Destroyed,False,False
Skull Takers of Hans Kho'ren,Renegade/Chaos,Khorne,World Eaters,,Active,False,False
Skull-blessed,Renegade/Chaos,Khorne,World Eaters,,Destroyed,False,False
Skull-eaters,Renegade/Chaos,Khorne,Black Legion,,Active,False,False
Skull-scythes,Renegade/Chaos,Khorne,,,Destroyed,False,False
Skullhunt,Renegade/Chaos,Khorne,World Eaters,,Active,False,False
Skullsworn,Renegade/Chaos,Khorne,,M33,Active,False,False
Skulltakers,Renegade/Chaos,Khorne,Berserkers of Kharadon,,Active,False,False
Sky Sentinels,Loyalist,Imperium,,,Destroyed,False,False
Skyrar's Dark Wolves,Renegade/Chaos,,Space Wolves & Sons of Horus,M31,,False,False
Slaughterkin,Renegade/Chaos,Khorne,Shadow Hawks,M39,Active,False,False
Smogrot Brotherhood,Renegade/Chaos,Nurgle,Death Guard,,Active,False,False
Solar Hawks,Loyalist,Imperium,White Scars,M35,Active,False,False
Sons of Antaeus,Loyalist,Imperium,Ultramarines,21,Active,False,False
Sons of Ares,Loyalist,Imperium,,,,False,False
Sons of Carnage,Renegade/Chaos,Khorne,Black Legion,,Active,False,False
Sons of Damnation,Renegade/Chaos,Chaos Undivided,Word Bearers,,Active,False,False
Sons of Deception,Renegade/Chaos,,Alpha Legion,,Active,False,False
Sons of Dorn,Loyalist,Imperium,Imperial Fists,M34,Active,False,False
Sons of Fire,Loyalist,Imperium,,,,False,False
Sons of Galathor,Loyalist,Imperium,,,Active,False,False
Sons of Gideon,Renegade/Chaos,,,,Destroyed,False,False
Sons of Glorious Decay,Renegade/Chaos,Nurgle,Death Guard,,Active,False,False
Sons of Gorgax,Loyalist,Imperium,,,Destroyed,False,False
Sons of Guilliman,Loyalist,Imperium,Ultramarines,M33,Active,False,False
Sons of Hate,Renegade/Chaos,,,,,False,False
Sons of Helios,Loyalist,Imperium,,,Destroyed,False,False
Sons of Horus,Renegade/Chaos,Chaos Undivided,Luna Wolves,1,Renamed,True,False
Sons of Jaghatai,Loyalist,Imperium,,,,False,False
Sons of Malice,Renegade/Chaos,Malice,,,Active,False,False
Sons of Medusa,Loyalist,Imperium,Iron Hands,011.M37,Active,False,False
Sons of Midnight,Renegade/Chaos,,Star Gryphons,M37,,False,False
Sons of Oblivion,Renegade/Chaos,,Black Legion,,,False,False
Sons of Orar,Loyalist,Imperium,Ultramarines,,Active,False,False
Sons of Pertinax,Loyalist,Imperium,,17,,False,False
Sons of Rot,Renegade/Chaos,Nurgle,,,Active,False,False
Sons of Sanguinius,Loyalist,Imperium,Blood Angels,2,Active,False,False
Sons of Skalathrax,Renegade/Chaos,Khorne,World Eaters,,Destroyed,False,False
Sons of Slaughter,Renegade/Chaos,Khorne,World Eaters,,,False,False
Sons of Sorrow,Renegade/Chaos,Nurgle,Death Guard,,Active,False,False
Sons of Taurus,Loyalist,Imperium,,,,False,False
Sons of Ulthunas,Renegade/Chaos,,,,Renamed,False,False
Sons of Vengeance,Renegade/Chaos,,,,Active,False,False
Sons of the Cyclops,Renegade/Chaos,Tzeentch,Thousand Sons,,Active,False,False
Sons of the Eye,Renegade/Chaos,,Sons of Horus,,Destroyed,False,False
Sons of the Forge,Renegade/Chaos,Chaos Undivided,Iron Warriors,,Destroyed,False,False
Sons of the Hydra,Renegade/Chaos,,Alpha Legion,,Destroyed,False,False
Sons of the Kraken,Loyalist,Imperium,,,,False,False
Sons of the Maggot,Renegade/Chaos,Nurgle,Death Guard,,Active,False,False
Sons of the Phoenix,Loyalist,Imperium,Imperial Fists,Ultima,Active,False,False
Sons of the Raven,Loyalist,Imperium,,,Destroyed,False,False
Soul Drinkers (Second Founding Chapter),Renegade/Chaos,,Imperial Fists,2,Destroyed,False,False
Soul Drinkers (Ultima Founding Chapter),Loyalist,Imperium,,Ultima,Active,False,False
Soul Eaters,Renegade/Chaos,,Black Legion,,Active,False,False
Soulfangs,Renegade/Chaos,,Alpha Legion,,Active,False,False
Space Wolves,Loyalist,Imperium,,1,Active,True,False
Spears of Olympus,Renegade/Chaos,Khorne,,,Renamed,False,False
Spectral Curse,Renegade/Chaos,Chaos Undivided,Crimson Slaughter,,Active,False,False
Spectral Tiger,Loyalist,Imperium,,,,False,False
Splintered Sentients,Renegade/Chaos,,Alpha Legion,,Active,False,False
Star Dragons,Loyalist,Imperium,,,Active,False,False
Star Gorgons,Renegade/Chaos,Renegade,,,,False,False
Star Gryphons,Renegade/Chaos,,,,Renamed,False,False
Star Leopards,Loyalist,Imperium,,,,False,False
Star Phantoms,Loyalist,Imperium,,23,Active,False,False
Star Scorpions,Renegade/Chaos,,,25,Renamed,False,False
Steel Brethren,Renegade/Chaos,,Iron Warriors,,Active,False,False
Steel Cobras,Renegade/Chaos,,,23,,False,False
Steel Confessors,Loyalist,Imperium,,,,False,False
Steel Heart,Renegade/Chaos,,,,Destroyed,False,False
Stewards of the Sanctum,Loyalist,Imperium,Dark Angels,,Active,False,False
Stone Gauntlets,Loyalist,Imperium,,,,False,False
Stone Hearts,Loyalist,Imperium,,,Active,False,False
Storm Callers,Loyalist,Imperium,,,,False,False
Storm Dragons,Loyalist,Imperium,,,,False,False
Storm Falcons,Loyalist,Imperium,,,Active,False,False
Storm Giants,Loyalist,Imperium,Salamanders,,Active,False,False
Storm Hawks,Loyalist,Imperium,,,Active,False,False
Storm Heralds,Loyalist,Imperium,,,Active,False,False
Storm Lords,Loyalist,Imperium,White Scars,2,Active,False,False
Storm Ravens,Loyalist,Imperium,,,,False,False
Storm Reapers,Loyalist,Imperium,White Scars,Ultima,Active,False,False
Storm Wardens,Loyalist,Imperium,,,,False,False
Storm Warriors,Loyalist,Imperium,,,Active,False,False
Storm Wings,Loyalist,Imperium,Raven Guard,,Active,False,False
Stormwalkers,Loyalist,Imperium,,,,False,False
Stormwatchers,Loyalist,Imperium,,,Active,False,False
Subjugators,Loyalist,Imperium,Imperial Fists,,Active,False,False
Subtle Blades,Renegade/Chaos,,Alpha Legion,,Active,False,False
Supplicators,Loyalist,Imperium,,,,False,False
Suppurant Sting,Renegade/Chaos,Nurgle,Death Guard,,Active,False,False
Swords Sanguine,Loyalist,Imperium,,,,False,False
Swords of Epiphany,Renegade/Chaos,,Exorcists,,Destroyed,False,False
Swords of Khargoth,Renegade/Chaos,,Swords of Praesium,,,False,False
Swords of Praesium,Loyalist,Imperium,,,,False,False
Swords of the Emperor,Loyalist,Imperium,,,,False,False
Tainted Lung,Renegade/Chaos,Nurgle,Death Guard,,Active,False,False
Tainted Sons,Renegade/Chaos,Nurgle,Death Guard,,Active,False,False
Tainted Souls,Renegade/Chaos,Khorne,,,Destroyed,False,False
Tallymen,Renegade/Chaos,Nurgle,,,,False,False
Talons of Anathrax,Renegade/Chaos,Nurgle,Argent Hammers,M37,,False,False
Talons of the Despoiler,Renegade/Chaos,,Black Legion,,Destroyed,False,False
Tarantulas,Loyalist,Imperium,,,,False,False
Tatterskulls,Renegade/Chaos,,,,Destroyed,False,False
Tauran,Loyalist,Imperium,,,Active,False,False
Tempest Guard,Loyalist,Imperium,,,Active,False,False
Tempest Legion,Renegade/Chaos,,,,Renamed,False,False
Tempestors,Loyalist,,,,,False,False
Templars of Blood,Loyalist,Imperium,Blood Angels,,,False,False
Templars of the Covenant,Loyalist,Imperium,,,Active,False,False
Ten Thousand Eyes,Renegade/Chaos,,Dark Angels,,,False,False
Tenebrae,Renegade/Chaos,,,,Active,False,False
Terror Lords,Renegade/Chaos,,,,,False,False
Terror Tigers,Loyalist,Imperium,,,,False,False
Thaskor's Chosen,Renegade/Chaos,Tzeentch,Black Legion,,Active,False,False
The Black Psalm,Renegade/Chaos,,Illustrians,M37,,False,False
The Blessed,Renegade/Chaos,Chaos Undivided,Word Bearers,,Active,False,False
The Blighted Claw,Renegade/Chaos,Nurgle,Sanctors of Terra,M37,,False,False
The Broken,Renegade/Chaos,,Viridian Consuls,,,False,False
The Chosen of Heiros,Renegade/Chaos,,Black Legion,,Active,False,False
The Cleaved,Renegade/Chaos,Nurgle,,,Active,False,False
The Consortium,Renegade/Chaos,,,,Destroyed,False,False
The Damned Company of Lord Caustos,Renegade/Chaos,,,,,False,False
The Faithless,Renegade/Chaos,Chaos Undivided,Alpha Legion,,Destroyed,False,False
The Flawless Host,Renegade/Chaos,Slaanesh,Shining Blades,M34,Active,False,False
The Fractured,Renegade/Chaos,,Justicars,M37,,False,False
The Nameless,Loyalist,Imperium,,,,False,False
The Purge,Renegade/Chaos,Nurgle,,M36,Active,False,False
The Pyre,Renegade/Chaos,,,,,False,False
The Reborn,Renegade/Chaos,,,,,False,False
The Redacted,Renegade/Chaos,Imperium,Alpha Legion,,Active,False,False
The Remnants,Loyalist,Imperium,Blood Angels,,,False,False
The Revelation of Gore,Renegade/Chaos,,Tempest Legion,M37,,False,False
The Riven,Renegade/Chaos,,,M31,Active,False,False
The Sanctified,Renegade/Chaos,Khorne,Word Bearers,,Active,False,False
The Scourged,Renegade/Chaos,Tzeentch,Seekers of Truth,,Active,False,False
The Silent,Renegade/Chaos,,Raven Guard,,Active,False,False
The Tainted,Renegade/Chaos,Nurgle,Death Guard,,Active,False,False
The Thricewarped,Renegade/Chaos,,,,Active,False,False
The Tide,Renegade/Chaos,Khorne,World Eaters,,Active,False,False
The Tormented,Renegade/Chaos,,Black Legion,,,False,False
The Unclean,Renegade/Chaos,,,,Active,False,False
The Unhallowed,Renegade/Chaos,,Invictors,M37,,False,False
The Unnamed,Loyalist,Imperium,Dark Angels,Ultima,Active,False,False
Third Covenant,Renegade/Chaos,,,M31,,False,False
Third Harrow,Renegade/Chaos,,Alpha Legion,,Active,False,False
Thirsting Brethren,Renegade/Chaos,Slaanesh,Emperor's Children,,Active,False,False
Thousand Sons,Renegade/Chaos,Tzeentch,,1,Active,True,False
Thralls of Magnus,Renegade/Chaos,Tzeentch,Thousand Sons,,Active,False,False
Thunder Barons,Renegade/Chaos,,,,,False,False
Tide of Filth,Renegade/Chaos,Nurgle,Death Guard,,Active,False,False
Tiger Claws,Renegade/Chaos,,Astral Claws,,Destroyed,False,False
Tigers Argent,Loyalist,,,,Active,False,False
Tizcan Host,Renegade/Chaos,Tzeentch,Thousand Sons,,Active,False,False
Tollguard,Renegade/Chaos,Nurgle,Death Guard,,Active,False,False
Tome Keepers,Loyalist,Imperium,Ultramarines,4,Active,False,False
Tormented,Loyalist,Imperium,,,,False,False
Tormentors,Loyalist,Imperium,,,,False,False
Tributors,Loyalist,Imperium,,,,False,False
Tridents of the Atox,Loyalist,Imperium,,,Destroyed,False,False
True Flame,Renegade/Chaos,,,M31,,False,False
True Sons,Renegade/Chaos,,Sons of Horus,,,False,False
Twilight Magisters,Loyalist,Imperium,,,Active,False,False
Twilight Swords,Loyalist,Imperium,,,,False,False
Twisted Blades,Renegade/Chaos,,Graven Fists,M37,,False,False
Ultramarines,Loyalist,Imperium,,1,Active,True,False
Umbral Knights,Loyalist,Imperium,,Ultima,Active,False,False
Umidia's Call,Renegade/Chaos,Chaos Undivided,Crimson Slaughter,,Active,False,False
Unsung,Renegade/Chaos,,Alpha Legion,,Active,False,False
Vaithan Reaver Squad,Renegade/Chaos,,Sons of Horus,M31,Destroyed,False,False
Valedictors,Loyalist,Imperium,,,Active,False,False
Valiant Blades,Loyalist,Imperium,,Ultima,Active,False,False
Vectors of Pox,Renegade/Chaos,Nurgle,Doom Legion,M37,,False,False
Veindrinkers,Renegade/Chaos,Khorne,,,Active,False,False
Venerators,Loyalist,Imperium,,,Destroyed,False,False
Venerators of Osiron,Loyalist,Imperium,,,Active,False,False
Vengeance Chapter,Renegade/Chaos,,,,Renamed,False,False
Venom Thorns,Renegade/Chaos,Renegade,Imperial Fists,,,False,False
Venomariners,Renegade/Chaos,Nurgle,Death Guard,,Active,False,False
Verydian Hawks,Loyalist,Imperium,,,Active,False,False
Victors,Loyalist,,,,Active,False,False
Villsid Skinsmen,Renegade/Chaos,Slaanesh,The Flawless Host,,Active,False,False
Vindicators,Loyalist,,Ultramarines,,Destroyed,False,False
Violators,Renegade/Chaos,Slaanesh,,,Active,False,False
Viper Legion,Loyalist,Imperium,,,,False,False
Vipers Penitent,Loyalist,Imperium,,,Active,False,False
Viridian Consuls,Renegade/Chaos,,,,Renamed,False,False
Virulent Band,Renegade/Chaos,,,,Active,False,False
Viscerati,Renegade/Chaos,Khorne,,,Active,False,False
Void Axes,Loyalist,Imperium,,,Active,False,False
Void Bringers,Loyalist,Imperium,,,Active,False,False
Void Claws,Renegade/Chaos,,,,Active,False,False
Void Daggers,Loyalist,Imperium,,,Active,False,False
Void Reapers,Loyalist,Imperium,,,,False,False
Void Sabres,Loyalist,Imperium,Raven Guard,Ultima,Active,False,False
Void Talons,Loyalist,Imperium,,,,False,False
Void Tridents,Loyalist,Imperium,Ultramarines,Ultima,Active,False,False
Voidmaws,Renegade/Chaos,,,,Active,False,False
Voidrippers,Renegade/Chaos,Khorne,Stormwatchers,,Active,False,False
Vorpal Swords,Loyalist,Imperium,,,Active,False,False
Vreanus' Killers,Renegade/Chaos,,Night Lords,,Active,False,False
War Bearers,Loyalist,Imperium,,,Active,False,False
War Dogs,Renegade/Chaos,,,,Active,False,False
War Lions,Loyalist,Imperium,,,,False,False
Warband of Sektoth,Renegade/Chaos,Tzeentch,Thousand Sons,,,False,False
Wardens of the Philae,Loyalist,Imperium,,,Active,False,False
Warhawks,Loyalist,Imperium,,,Destroyed,False,False
Warmongers,Loyalist,Imperium,,,Active,False,False
Warp Gheists,Renegade/Chaos,Tzeentch,Thousand Sons,,Active,False,False
Warp Ghosts,Renegade/Chaos,,,,Active,False,False
Warrior Adepts,Loyalist,Imperium,,,,False,False
Warriors Resplendent,Renegade/Chaos,Tzeentch,,,Active,False,False
Warriors Tempest,Loyalist,Imperium,,,Active,False,False
Warriors of Aggannor,Renegade/Chaos,,Night Lords & Word Bearers,M36,,False,False
Warriors of Mayhem,Renegade/Chaos,,,,,False,False
Watchguards,Loyalist,Imperium,,,Active,False,False
Weeping Legion,Renegade/Chaos,Nurgle,Death Guard,,Active,False,False
Weeping Veil,Renegade/Chaos,,Word Bearers,,Active,False,False
Whispering Forge,Renegade/Chaos,,Alpha Legion,,Active,False,False
Whispering Shadow,Renegade/Chaos,,Night Lords,,Active,False,False
White Consuls,Loyalist,Imperium,Ultramarines,2,Active,False,False
White Minotaurs,Loyalist,Imperium,,,,False,False
White Novas,Loyalist,Imperium,,,,False,False
White Panthers,Loyalist,Imperium,Ultramarines,,Active,False,False
White Scars,Loyalist,Imperium,,1,Active,True,False
White Sentinels,Loyalist,Imperium,,,Active,False,False
White Templars,Loyalist,Imperium,,,Active,False,False
Widowmakers,Loyalist,Imperium,,,,False,False
Wolf Brothers,Loyalist,Imperium,Space Wolves,2,Destroyed,False,False
Wolfspear,Loyalist,Imperium,Space Wolves,Ultima,Active,False,False
Wolves of Horus,Renegade/Chaos,,Sons of Horus,,,False,False
Word Bearers,Renegade/Chaos,Chaos Undivided,,1,Active,True,False
World Eaters,Renegade/Chaos,Khorne,,1,Active,True,False
Worms of Agony,Renegade/Chaos,,,,Active,False,False
Wrath,Renegade/Chaos,Khorne,,,Active,False,False
Wrathful Dead,Renegade/Chaos,Khorne,World Eaters,,Destroyed,False,False
Wrathhost,Loyalist,Imperium,White Scars,,Active,False,False
Xenash Capensis' Rubric Phalanx,Renegade/Chaos,Tzeentch,Thousand Sons,,Active,False,False
Xerus Legion,Loyalist,Imperium,,,,False,False
Yorgol's Vomitmaws,Renegade/Chaos,Nurgle,,,Active,False,False
